{"cameraMode":{"drawMode":0,"name":"Shaded","section":"Shading Mode"},"sceneLighting":true,"audioPlay":false,"sceneViewState":{"showFog":true,"showMaterialUpdate":false,"showSkybox":true,"showFlares":true,"showImageEffects":true,"showParticleSystems":true},"in2DMode":false,"pivot":{"x":-0.04227026179432869,"y":2.2226076126098635,"z":1.0236327648162842},"rotation":{"x":0.07963892072439194,"y":0.8322314620018005,"z":-0.12398713827133179,"w":0.5345053672790527},"size":7.091317176818848,"orthographic":true}