{"cameraMode":{"drawMode":0,"name":"Shaded","section":"Shading Mode"},"sceneLighting":true,"audioPlay":false,"sceneViewState":{"showFog":true,"showMaterialUpdate":false,"showSkybox":true,"showFlares":true,"showImageEffects":true,"showParticleSystems":true},"in2DMode":false,"pivot":{"x":0.003063380718231201,"y":0.1674283742904663,"z":-11.849438667297364},"rotation":{"x":-0.05603555962443352,"y":-0.35526081919670107,"z":0.02134154736995697,"w":-0.9328455328941345},"size":10.96029281616211,"orthographic":true}