{"cameraMode":{"drawMode":0,"name":"Shaded","section":"Shading Mode"},"sceneLighting":true,"audioPlay":false,"sceneViewState":{"showFog":true,"showMaterialUpdate":false,"showSkybox":true,"showFlares":true,"showImageEffects":true,"showParticleSystems":true},"in2DMode":false,"pivot":{"x":-2.994070291519165,"y":-4.673373222351074,"z":-3.0741567611694338},"rotation":{"x":-0.14435333013534547,"y":0.8169260621070862,"z":-0.2321581244468689,"w":-0.5078501105308533},"size":11.934735298156739,"orthographic":false}