{"cameraMode":{"drawMode":0,"name":"Shaded","section":"Shading Mode"},"sceneLighting":true,"audioPlay":false,"sceneViewState":{"showFog":true,"showMaterialUpdate":false,"showSkybox":true,"showFlares":true,"showImageEffects":true,"showParticleSystems":true},"in2DMode":false,"pivot":{"x":-2.477114200592041,"y":4.318617343902588,"z":-3.0947556495666506},"rotation":{"x":0.10181458294391632,"y":0.6084654927253723,"z":-0.07911510765552521,"w":0.783035159111023},"size":6.604098796844482,"orthographic":true}