{"cameraMode":{"drawMode":0,"name":"Shaded","section":"Shading Mode"},"sceneLighting":true,"audioPlay":false,"sceneViewState":{"showFog":true,"showMaterialUpdate":false,"showSkybox":true,"showFlares":true,"showImageEffects":true,"showParticleSystems":true},"in2DMode":false,"pivot":{"x":9.725933074951172,"y":7.029635906219482,"z":5.932764053344727},"rotation":{"x":-0.27472400665283205,"y":-0.6143323183059692,"z":0.24140049517154694,"w":-0.6991870403289795},"size":12.778882026672364,"orthographic":true}