{"cameraMode":{"drawMode":0,"name":"Shaded","section":"Shading Mode"},"sceneLighting":false,"audioPlay":false,"sceneViewState":{"showFog":true,"showMaterialUpdate":false,"showSkybox":false,"showFlares":true,"showImageEffects":true,"showParticleSystems":true},"in2DMode":false,"pivot":{"x":1.0193854570388795,"y":0.038785289973020557,"z":0.0},"rotation":{"x":-0.23107187449932099,"y":0.7281153798103333,"z":-0.29240795969963076,"w":-0.5753021240234375},"size":0.22403284907341004,"orthographic":false}