{"cameraMode":{"drawMode":0,"name":"Shaded","section":"Shading Mode"},"sceneLighting":false,"audioPlay":false,"sceneViewState":{"showFog":true,"showMaterialUpdate":false,"showSkybox":false,"showFlares":true,"showImageEffects":true,"showParticleSystems":true},"in2DMode":false,"pivot":{"x":0.0003965049982070923,"y":0.24006512761116029,"z":0.005179904401302338},"rotation":{"x":-0.16037969291210175,"y":0.18768638372421266,"z":-0.031077571213245393,"w":-0.9685540199279785},"size":0.3632412254810333,"orthographic":true}