{"cameraMode":{"drawMode":0,"name":"Shaded","section":"Shading Mode"},"sceneLighting":true,"audioPlay":false,"sceneViewState":{"showFog":true,"showMaterialUpdate":false,"showSkybox":true,"showFlares":true,"showImageEffects":true,"showParticleSystems":true},"in2DMode":false,"pivot":{"x":6.14457368850708,"y":4.801365375518799,"z":-1.1676263809204102},"rotation":{"x":-0.10847070813179016,"y":-0.7977613210678101,"z":0.15086644887924195,"w":-0.5736418962478638},"size":5.714111328125,"orthographic":true}