{"cameraMode":{"drawMode":0,"name":"Shaded","section":"Shading Mode"},"sceneLighting":false,"audioPlay":false,"sceneViewState":{"showFog":true,"showMaterialUpdate":false,"showSkybox":false,"showFlares":true,"showImageEffects":true,"showParticleSystems":true},"in2DMode":false,"pivot":{"x":-0.0002276003360748291,"y":0.36049172282218935,"z":-0.0016545653343200684},"rotation":{"x":-0.009197183884680272,"y":-0.9370441436767578,"z":0.3482182025909424,"w":-0.024746885523200036},"size":0.6116257905960083,"orthographic":true}