{"cameraMode":{"drawMode":0,"name":"Shaded","section":"Shading Mode"},"sceneLighting":false,"audioPlay":false,"sceneViewState":{"showFog":true,"showMaterialUpdate":false,"showSkybox":false,"showFlares":true,"showImageEffects":true,"showParticleSystems":true},"in2DMode":false,"pivot":{"x":9.699999809265137,"y":6.289999961853027,"z":7.590000152587891},"rotation":{"x":0.07024180144071579,"y":-0.8823080062866211,"z":0.1395903378725052,"w":0.44397950172424319},"size":0.8999998569488525,"orthographic":false}