{"cameraMode":{"drawMode":0,"name":"Shaded","section":"Shading Mode"},"sceneLighting":true,"audioPlay":false,"sceneViewState":{"showFog":true,"showMaterialUpdate":false,"showSkybox":true,"showFlares":true,"showImageEffects":true,"showParticleSystems":true},"in2DMode":false,"pivot":{"x":7.280882358551025,"y":2.3173341751098635,"z":1.067913293838501},"rotation":{"x":0.055636972188949588,"y":-0.9372010827064514,"z":0.1763632446527481,"w":0.29576921463012698},"size":12.931899070739746,"orthographic":true}