{"cameraMode":{"drawMode":0,"name":"Shaded","section":"Shading Mode"},"sceneLighting":true,"audioPlay":false,"sceneViewState":{"showFog":true,"showMaterialUpdate":false,"showSkybox":true,"showFlares":true,"showImageEffects":true,"showParticleSystems":true},"in2DMode":false,"pivot":{"x":9.240697860717774,"y":-0.8914501667022705,"z":12.709710121154786},"rotation":{"x":-0.06457556784152985,"y":-0.7805429100990295,"z":0.0817897692322731,"w":-0.6163655519485474},"size":31.51165771484375,"orthographic":true}