{"cameraMode":{"drawMode":0,"name":"Shaded","section":"Shading Mode"},"sceneLighting":true,"audioPlay":false,"sceneViewState":{"showFog":true,"showMaterialUpdate":false,"showSkybox":true,"showFlares":true,"showImageEffects":true,"showParticleSystems":true},"in2DMode":false,"pivot":{"x":5.585709095001221,"y":-0.19945883750915528,"z":0.15189123153686524},"rotation":{"x":0.13090841472148896,"y":0.1668890118598938,"z":-0.022364461794495584,"w":0.9769980311393738},"size":10.268264770507813,"orthographic":true}